<ImportExportXml xmlns:xsi="http://www.w3.org/2001/XMLSchema-instance" OrganizationVersion="9.2.24093.182" OrganizationSchemaType="Standard" CRMServerServiceabilityVersion="9.2.24094.00192">
  <Entities></Entities>
  <Roles></Roles>
  <Workflows>
    <Workflow WorkflowId="{ac392cef-d187-ef11-ac21-00224842055c}" Name="Custom Connector">
      <JsonFileName>/Workflows/CustomConnector-AC392CEF-D187-EF11-AC21-00224842055C.json</JsonFileName>
      <Type>1</Type>
      <Subprocess>0</Subprocess>
      <Category>5</Category>
      <Mode>0</Mode>
      <Scope>4</Scope>
      <OnDemand>0</OnDemand>
      <TriggerOnCreate>0</TriggerOnCreate>
      <TriggerOnDelete>0</TriggerOnDelete>
      <AsyncAutodelete>0</AsyncAutodelete>
      <SyncWorkflowLogOnFailure>0</SyncWorkflowLogOnFailure>
      <StateCode>1</StateCode>
      <StatusCode>2</StatusCode>
      <RunAs>1</RunAs>
      <IsTransacted>1</IsTransacted>
      <IntroducedVersion>1.0.0.0</IntroducedVersion>
      <IsCustomizable>1</IsCustomizable>
      <BusinessProcessType>0</BusinessProcessType>
      <IsCustomProcessingStepAllowedForOtherPublishers>1</IsCustomProcessingStepAllowedForOtherPublishers>
      <PrimaryEntity>none</PrimaryEntity>
      <LocalizedNames>
        <LocalizedName languagecode="1033" description="Custom Connector" />
      </LocalizedNames>
    </Workflow>
  </Workflows>
  <FieldSecurityProfiles></FieldSecurityProfiles>
  <Templates />
  <EntityMaps />
  <EntityRelationships />
  <OrganizationSettings />
  <optionsets />
  <CustomControls />
  <EntityDataProviders />
  <Connectors>
    <Connector>
      <connectorid>f1c446ef-b6ce-4a0c-9124-8a8ec3e5c32d</connectorid>
      <description>A custom connector that executes custom C# code</description>
      <displayname>JDF Badboy Connector</displayname>
      <iconbrandcolor>#007ee5</iconbrandcolor>
      <name>jdr_jdf-20badboy-20connector</name>
      <connectortype>1</connectortype>
      <scriptoperations>["CalculateAgeComponent","CalculateDaysBetweenTwoDates","CalculateDistanceBetweenTwoCoordinates","GenerateaRandomString","NumberToText","TextReversal","ValidateEmailAddress"]</scriptoperations>
      <openapidefinition>/Connector/jdr_jdf-20badboy-20connector_openapidefinition.json</openapidefinition>
      <connectionparameters>/Connector/jdr_jdf-20badboy-20connector_connectionparameters.json</connectionparameters>
      <policytemplateinstances>/Connector/jdr_jdf-20badboy-20connector_policytemplateinstances.json</policytemplateinstances>
      <customcodeblobcontent>/Connector/jdr_jdf-20badboy-20connector_customcodeblobcontent.csx</customcodeblobcontent>
      <iconblob>/Connector/jdr_jdf-20badboy-20connector_iconblob.Png</iconblob>
    </Connector>
  </Connectors>
  <connectionreferences>
    <connectionreference connectionreferencelogicalname="jdr_sharedjdf20badboy20connector5ff8d8bb07df371c325f8c0245aca0815ab0_e55ed">
      <connectionreferencedisplayname>JDF Badboy Connector JDFBadboyConnector-e55ed</connectionreferencedisplayname>
      <connectorid>/providers/Microsoft.PowerApps/apis/shared_jdf-20badboy-20connector-5ff8d8bb07df371c32-5f8c0245aca0815ab0</connectorid>
      <customconnectorid>
        <connectorid>f1c446ef-b6ce-4a0c-9124-8a8ec3e5c32d</connectorid>
      </customconnectorid>
      <iscustomizable>1</iscustomizable>
      <statecode>0</statecode>
      <statuscode>1</statuscode>
    </connectionreference>
  </connectionreferences>
  <Languages>
    <Language>1033</Language>
  </Languages>
</ImportExportXml>