<ImportExportXml xmlns:xsi="http://www.w3.org/2001/XMLSchema-instance" OrganizationVersion="9.2.24093.182" OrganizationSchemaType="Standard" CRMServerServiceabilityVersion="9.2.24094.00192">
  <Entities></Entities>
  <Roles></Roles>
  <Workflows></Workflows>
  <FieldSecurityProfiles></FieldSecurityProfiles>
  <Templates />
  <EntityMaps />
  <EntityRelationships />
  <OrganizationSettings />
  <optionsets />
  <CustomControls />
  <EntityDataProviders />
  <Connectors>
    <Connector>
      <connectorid>f1c446ef-b6ce-4a0c-9124-8a8ec3e5c32d</connectorid>
      <description>A custom connector that executes custom C# code</description>
      <displayname>JDF Badboy Connector</displayname>
      <iconbrandcolor>#007ee5</iconbrandcolor>
      <name>jdr_jdf-20badboy-20connector</name>
      <connectortype>1</connectortype>
      <scriptoperations>["CalculateAgeComponent","CalculateDaysBetweenTwoDates","CalculateDistanceBetweenTwoCoordinates","GenerateaRandomString","NumberToText","TextReversal","ValidateEmailAddress"]</scriptoperations>
      <openapidefinition>/Connector/jdr_jdf-20badboy-20connector_openapidefinition.json</openapidefinition>
      <connectionparameters>/Connector/jdr_jdf-20badboy-20connector_connectionparameters.json</connectionparameters>
      <policytemplateinstances>/Connector/jdr_jdf-20badboy-20connector_policytemplateinstances.json</policytemplateinstances>
      <customcodeblobcontent>/Connector/jdr_jdf-20badboy-20connector_customcodeblobcontent.csx</customcodeblobcontent>
      <iconblob>/Connector/jdr_jdf-20badboy-20connector_iconblob.Png</iconblob>
    </Connector>
  </Connectors>
  <Languages>
    <Language>1033</Language>
  </Languages>
</ImportExportXml>