{"swagger":"2.0","info":{"title":"JonDoesFlow BadBoy Connector","description":"A custom connector that executes custom C# code","version":"1.0"},"host":"home","basePath":"/","schemes":["https"],"consumes":[],"produces":[],"paths":{"/calculateage":{"post":{"responses":{"default":{"description":"default","schema":{}}},"operationId":"CalculateAgeComponent","summary":"Calculate Age from Date of Birth","description":"Calculates the age of someone after supplying date of birth","parameters":[{"name":"body","in":"body","required":false,"schema":{"type":"object","properties":{"operationId":{"type":"string","description":"operationId"},"dob":{"type":"string","description":"dob"}}}}]}},"/calculatedaysbetweentwodates/":{"post":{"responses":{"default":{"description":"default","schema":{}}},"operationId":"CalculateDaysBetweenTwoDates","summary":"Calculate Days Between Two Dates","description":"Calculate days between two dates","parameters":[{"name":"body","in":"body","required":false,"schema":{"type":"object","properties":{"operationId":{"type":"string","description":"operationId"},"startDate":{"type":"string","description":"startDate"},"endDate":{"type":"string","description":"endDate"}}}}]}},"/distancebetweentocords/":{"post":{"responses":{"default":{"description":"default","schema":{}}},"summary":"Calculate Distance Between Two Coordinates","description":"Calculate the distance between two coordinates","operationId":"CalculateDistanceBetweenTwoCoordinates","parameters":[{"name":"body","in":"body","required":false,"schema":{"type":"object","properties":{"operationId":{"type":"string","description":"operationId"},"lat1":{"type":"number","format":"float","description":"lat1"},"lon1":{"type":"number","format":"float","description":"lon1"},"lat2":{"type":"number","format":"float","description":"lat2"},"lon2":{"type":"number","format":"float","description":"lon2"}}}}]}},"/GenerateRandomString/":{"post":{"responses":{"default":{"description":"default","schema":{}}},"summary":"Generate a random string","operationId":"GenerateaRandomString","description":"Provide a length of characters required and a random string will be generated to that length","parameters":[{"name":"body","in":"body","required":false,"schema":{"type":"object","properties":{"operationId":{"type":"string","description":"operationId"},"length":{"type":"integer","format":"int32","description":"length"}}}}]}},"/NumberToText/":{"post":{"responses":{"default":{"description":"default","schema":{}}},"summary":"Number To Text","description":"Converts a number to text","operationId":"NumberToText","parameters":[{"name":"body","in":"body","required":false,"schema":{"type":"object","properties":{"operationId":{"type":"string","description":"operationId"},"num":{"type":"integer","format":"int32","description":"num"}}}}]}},"/textreversal":{"post":{"responses":{"default":{"description":"default","schema":{}}},"summary":"Text Reversal","description":"Reverses the text supplied","operationId":"TextReversal","parameters":[{"name":"body","in":"body","required":false,"schema":{"type":"object","properties":{"operationId":{"type":"string","description":"operationId"},"text":{"type":"string","description":"text"}}}}]}},"/ValidateEmail/":{"post":{"responses":{"default":{"description":"default","schema":{}}},"summary":"ValidateEmailAddress","description":"Validates email addresses and returns true or false","operationId":"ValidateEmailAddress","parameters":[{"name":"body","in":"body","required":false,"schema":{"type":"object","properties":{"operationId":{"type":"string","description":"operationId"},"email":{"type":"string","description":"email"}}}}]}}},"definitions":{},"parameters":{},"responses":{},"securityDefinitions":{},"security":[],"tags":[]}