{
  "properties": {
    "connectionReferences": {
      "shared_jdf-20badboy-20connector-5ff8d8bb07df371c32-5f8c0245aca0815ab0": {
        "runtimeSource": "invoker",
        "connection": {
          "connectionReferenceLogicalName": "jdr_sharedjdf20badboy20connector5ff8d8bb07df371c325f8c0245aca0815ab0_e55ed"
        },
        "api": {
          "name": "shared_jdf-20badboy-20connector-5ff8d8bb07df371c32-5f8c0245aca0815ab0",
          "logicalName": "jdr_jdf-20badboy-20connector"
        }
      }
    },
    "definition": {
      "$schema": "https://schema.management.azure.com/providers/Microsoft.Logic/schemas/2016-06-01/workflowdefinition.json#",
      "contentVersion": "1.0.0.0",
      "parameters": {
        "$connections": {
          "defaultValue": {},
          "type": "Object"
        },
        "$authentication": {
          "defaultValue": {},
          "type": "SecureObject"
        }
      },
      "triggers": {
        "manual": {
          "metadata": {
            "operationMetadataId": "952b2f64-9d02-4fdc-a04e-195105c71868"
          },
          "type": "Request",
          "kind": "Button",
          "inputs": {
            "schema": {
              "type": "object",
              "properties": {},
              "required": []
            }
          }
        }
      },
      "actions": {
        "Calculate_Age_from_Date_of_Birth": {
          "runAfter": {
            "varValidateEmailAddress": [
              "Succeeded"
            ]
          },
          "metadata": {
            "operationMetadataId": "32c5aebf-b644-4fa9-9aa7-5afaf54a12f4"
          },
          "type": "OpenApiConnection",
          "inputs": {
            "host": {
              "connectionName": "shared_jdf-20badboy-20connector-5ff8d8bb07df371c32-5f8c0245aca0815ab0",
              "operationId": "CalculateAgeComponent",
              "apiId": ""
            },
            "parameters": {
              "body/operationId": "@variables('CalculateAgeComponent')",
              "body/dob": "2012-06-06"
            },
            "authentication": {
              "type": "Raw",
              "value": "@json(decodeBase64(triggerOutputs().headers['X-MS-APIM-Tokens']))['$ConnectionKey']"
            }
          },
          "description": "Date format must be yyyy-MM-dd"
        },
        "varCalculateAgeComponent": {
          "runAfter": {},
          "metadata": {
            "operationMetadataId": "7c31f8eb-aa03-43de-a5ca-ac744d6cfc2e"
          },
          "type": "InitializeVariable",
          "inputs": {
            "variables": [
              {
                "name": "CalculateAgeComponent",
                "type": "string",
                "value": "CalculateAgeComponent"
              }
            ]
          }
        },
        "Calculate_Days_Between_Two_Dates": {
          "runAfter": {
            "Calculate_Age_from_Date_of_Birth": [
              "Succeeded"
            ]
          },
          "metadata": {
            "operationMetadataId": "835cec57-7d65-45da-8107-caa137afb471"
          },
          "type": "OpenApiConnection",
          "inputs": {
            "host": {
              "connectionName": "shared_jdf-20badboy-20connector-5ff8d8bb07df371c32-5f8c0245aca0815ab0",
              "operationId": "CalculateDaysBetweenTwoDates",
              "apiId": ""
            },
            "parameters": {
              "body/operationId": "@variables('CalculateDaysBetweenTwoDates')",
              "body/startDate": "2012-05-05",
              "body/endDate": "2013-05-05"
            },
            "authentication": {
              "type": "Raw",
              "value": "@json(decodeBase64(triggerOutputs().headers['X-MS-APIM-Tokens']))['$ConnectionKey']"
            }
          },
          "description": "Date format must be yyyy-MM-dd"
        },
        "varCalculateDaysBetweenTwoDates": {
          "runAfter": {
            "varCalculateAgeComponent": [
              "Succeeded"
            ]
          },
          "metadata": {
            "operationMetadataId": "3cb85fe5-90f6-4208-ab1f-3c8ad317a74b"
          },
          "type": "InitializeVariable",
          "inputs": {
            "variables": [
              {
                "name": "CalculateDaysBetweenTwoDates",
                "type": "string",
                "value": "CalculateDaysBetweenTwoDates"
              }
            ]
          }
        },
        "varCalculateDistanceBetweenTwoCoordinates": {
          "runAfter": {
            "varCalculateDaysBetweenTwoDates": [
              "Succeeded"
            ]
          },
          "metadata": {
            "operationMetadataId": "46674131-a51b-4251-8c01-5d5a256170b5"
          },
          "type": "InitializeVariable",
          "inputs": {
            "variables": [
              {
                "name": "CalculateDistanceBetweenTwoCoordinates",
                "type": "string",
                "value": "CalculateDistanceBetweenTwoCoordinates"
              }
            ]
          }
        },
        "Calculate_Distance_Between_Two_Coordinates": {
          "runAfter": {
            "Calculate_Days_Between_Two_Dates": [
              "Succeeded"
            ]
          },
          "metadata": {
            "operationMetadataId": "6005ca78-6081-44e5-9cc0-122eabaa2d47"
          },
          "type": "OpenApiConnection",
          "inputs": {
            "host": {
              "connectionName": "shared_jdf-20badboy-20connector-5ff8d8bb07df371c32-5f8c0245aca0815ab0",
              "operationId": "CalculateDistanceBetweenTwoCoordinates",
              "apiId": ""
            },
            "parameters": {
              "body/operationId": "@variables('CalculateDistanceBetweenTwoCoordinates')",
              "body/lat1": 38.8951,
              "body/lon1": -77.0364,
              "body/lat2": 38.8951,
              "body/lon2": -77.0364
            },
            "authentication": {
              "type": "Raw",
              "value": "@json(decodeBase64(triggerOutputs().headers['X-MS-APIM-Tokens']))['$ConnectionKey']"
            }
          },
          "description": "Provide latitude and longitude values"
        },
        "Generate_a_random_string": {
          "runAfter": {
            "Calculate_Distance_Between_Two_Coordinates": [
              "Succeeded"
            ]
          },
          "metadata": {
            "operationMetadataId": "4e25f7ee-cb9e-4d30-bd7e-a59c269461e2"
          },
          "type": "OpenApiConnection",
          "inputs": {
            "host": {
              "connectionName": "shared_jdf-20badboy-20connector-5ff8d8bb07df371c32-5f8c0245aca0815ab0",
              "operationId": "GenerateaRandomString",
              "apiId": ""
            },
            "parameters": {
              "body/operationId": "@variables('GenerateaRandomString')",
              "body/length": 5
            },
            "authentication": {
              "type": "Raw",
              "value": "@json(decodeBase64(triggerOutputs().headers['X-MS-APIM-Tokens']))['$ConnectionKey']"
            }
          },
          "description": "Provide a whole positive number for length"
        },
        "varGenerateaRandomString": {
          "runAfter": {
            "varCalculateDistanceBetweenTwoCoordinates": [
              "Succeeded"
            ]
          },
          "metadata": {
            "operationMetadataId": "c045d6df-dd31-442d-bef0-4cb9c57c323c"
          },
          "type": "InitializeVariable",
          "inputs": {
            "variables": [
              {
                "name": "GenerateaRandomString",
                "type": "string",
                "value": "GenerateaRandomString"
              }
            ]
          }
        },
        "varNumberToText": {
          "runAfter": {
            "varGenerateaRandomString": [
              "Succeeded"
            ]
          },
          "metadata": {
            "operationMetadataId": "e2480b3d-5256-4ac5-a1c5-733c57d7d2d6"
          },
          "type": "InitializeVariable",
          "inputs": {
            "variables": [
              {
                "name": "NumberToText",
                "type": "string",
                "value": "NumbertoText"
              }
            ]
          }
        },
        "Number_To_Text": {
          "runAfter": {
            "Generate_a_random_string": [
              "Succeeded"
            ]
          },
          "metadata": {
            "operationMetadataId": "5a0525b7-c860-426b-8598-c905d49fd323"
          },
          "type": "OpenApiConnection",
          "inputs": {
            "host": {
              "connectionName": "shared_jdf-20badboy-20connector-5ff8d8bb07df371c32-5f8c0245aca0815ab0",
              "operationId": "NumberToText",
              "apiId": ""
            },
            "parameters": {
              "body/operationId": "@variables('NumberToText')",
              "body/num": 14
            },
            "authentication": {
              "type": "Raw",
              "value": "@json(decodeBase64(triggerOutputs().headers['X-MS-APIM-Tokens']))['$ConnectionKey']"
            }
          },
          "description": "Provide a whole number"
        },
        "varTextReversal": {
          "runAfter": {
            "varNumberToText": [
              "Succeeded"
            ]
          },
          "metadata": {
            "operationMetadataId": "c32fef59-6a93-4418-a58b-af28de8ce0e4"
          },
          "type": "InitializeVariable",
          "inputs": {
            "variables": [
              {
                "name": "TextReversal",
                "type": "string",
                "value": "TextReversal"
              }
            ]
          }
        },
        "Text_Reversal": {
          "runAfter": {
            "Number_To_Text": [
              "Succeeded"
            ]
          },
          "metadata": {
            "operationMetadataId": "259b691d-4ef7-445f-ba30-56cfedf74a67"
          },
          "type": "OpenApiConnection",
          "inputs": {
            "host": {
              "connectionName": "shared_jdf-20badboy-20connector-5ff8d8bb07df371c32-5f8c0245aca0815ab0",
              "operationId": "TextReversal",
              "apiId": ""
            },
            "parameters": {
              "body/operationId": "@variables('TextReversal')",
              "body/text": "hello world"
            },
            "authentication": {
              "type": "Raw",
              "value": "@json(decodeBase64(triggerOutputs().headers['X-MS-APIM-Tokens']))['$ConnectionKey']"
            }
          },
          "description": "Pass some text"
        },
        "varValidateEmailAddress": {
          "runAfter": {
            "varTextReversal": [
              "Succeeded"
            ]
          },
          "metadata": {
            "operationMetadataId": "d809dc03-117e-47e6-b022-f2fb602ff060"
          },
          "type": "InitializeVariable",
          "inputs": {
            "variables": [
              {
                "name": "ValidateEmailAddress",
                "type": "string",
                "value": "ValidateEmailAddress"
              }
            ]
          }
        },
        "ValidateEmailAddress": {
          "runAfter": {
            "Text_Reversal": [
              "Succeeded"
            ]
          },
          "metadata": {
            "operationMetadataId": "b38b619d-1dfa-4b44-87a6-4fa80bed6a23"
          },
          "type": "OpenApiConnection",
          "inputs": {
            "host": {
              "connectionName": "shared_jdf-20badboy-20connector-5ff8d8bb07df371c32-5f8c0245aca0815ab0",
              "operationId": "ValidateEmailAddress",
              "apiId": ""
            },
            "parameters": {
              "body/operationId": "@variables('ValidateEmailAddress')",
              "body/email": "jon@jondoesflow.com"
            },
            "authentication": {
              "type": "Raw",
              "value": "@json(decodeBase64(triggerOutputs().headers['X-MS-APIM-Tokens']))['$ConnectionKey']"
            }
          }
        }
      }
    },
    "templateName": null
  },
  "schemaVersion": "1.0.0.0"
}